{
  "task_easy": {
    "mean": 0.6387878787878787,
    "scores": [
      0.6,
      0.6,
      0.7272727272727272,
      0.6,
      0.6666666666666665
    ]
  },
  "task_medium": {
    "mean": 0.65,
    "scores": [
      1.0,
      0.75,
      0.75,
      0.0,
      0.75
    ]
  },
  "task_hard": {
    "mean": 0.12335357624831311,
    "scores": [
      0.0,
      0.07500000000000001,
      0.2128205128205129,
      0.32894736842105265,
      0.0
    ]
  }
}