{
  "task_easy": {
    "mean": 0.6419047619047619,
    "scores": [
      0.33333333333333337,
      0.6714285714285715,
      0.7666666666666666,
      0.6714285714285715,
      0.7666666666666666
    ]
  },
  "task_medium": {
    "mean": 0.3006,
    "scores": [
      0.001,
      0.75,
      0.001,
      0.001,
      0.75
    ]
  },
  "task_hard": {
    "mean": 0.21070950855828907,
    "scores": [
      0.5253246753246753,
      0.001,
      0.3690476190476192,
      0.08780487804878048,
      0.07037037037037036
    ]
  }
}