{
  "task_easy": {
    "mean": 0.6545454545454545,
    "scores": [
      0.5454545454545454,
      0.8,
      0.7272727272727272,
      0.6,
      0.6
    ]
  },
  "task_medium": {
    "mean": 0.796248134586406,
    "scores": [
      0.9812406729320298,
      0.75,
      0.75,
      0.75,
      0.75
    ]
  },
  "task_hard": {
    "mean": 0.0730833636694576,
    "scores": [
      0.17761194029850752,
      0.1878048780487805,
      0.0,
      0.0,
      0.0
    ]
  }
}