{
  "task_easy": {
    "mean": 0.6163636363636363,
    "scores": [
      0.6,
      0.30000000000000004,
      0.7272727272727272,
      0.7272727272727272,
      0.7272727272727272
    ]
  },
  "task_medium": {
    "mean": 0.75,
    "scores": [
      0.75,
      0.75,
      0.75,
      0.75,
      0.75
    ]
  },
  "task_hard": {
    "mean": 0.35213629562653775,
    "scores": [
      0.38636363636363646,
      0.0,
      0.7469879518072289,
      0.27459016393442626,
      0.3527397260273971
    ]
  }
}