{
  "task_easy": {
    "mean": 0.9277777777777778,
    "scores": [
      0.888888888888889,
      1.0,
      1.0,
      0.75,
      1.0
    ]
  },
  "task_medium": {
    "mean": 1.0,
    "scores": [
      1.0,
      1.0,
      1.0,
      1.0,
      1.0
    ]
  },
  "task_hard": {
    "mean": 0.6428837924210157,
    "scores": [
      0.6808510638297872,
      0.6614035087719299,
      0.5017241379310345,
      0.7037735849056603,
      0.6666666666666666
    ]
  }
}